{"left":121.34304669529152,"right":120.35086502089831}